symbol,threshold,stop_loss_pct,is_ret,oos_ret,is_trades,oos_trades
600519,0.1,0.0,-1.4992623099999935,0.0685005999999877,63,37
600519,0.1,0.03,-1.3244703299999938,-0.03250364000001449,67,44
600519,0.1,0.05,-1.4968250500000058,-0.7191690900000047,65,41
600519,0.1,0.08,-1.4992623099999935,-0.041332339999999856,63,37
600519,0.1,0.1,-1.4992623099999935,-0.041332339999999856,63,37
600519,0.2,0.0,-4.347074409999996,-1.1365900200000056,32,17
600519,0.2,0.03,-3.351372050000001,-1.2166378199999994,43,21
600519,0.2,0.05,-3.1444720300000006,-1.8144267699999994,41,21
600519,0.2,0.08,-3.2401021099999983,-1.1365900200000056,39,17
600519,0.2,0.1,-3.1953807600000106,-1.1365900200000056,39,17
600519,0.3,0.0,0.7264290099999959,-1.126106250000003,12,13
600519,0.3,0.03,-0.8429058900000008,-1.533334180000001,17,16
600519,0.3,0.05,-0.9926609500000017,-1.9558572500000038,17,13
600519,0.3,0.08,-1.4125349499999995,-1.126106250000003,17,13
600519,0.3,0.1,-2.2726768299999978,-1.126106250000003,17,13
600519,0.4,0.0,0.22331603999998784,-1.5675957799999973,4,7
600519,0.4,0.03,0.22331603999998784,-2.0563491099999998,4,7
600519,0.4,0.05,0.22331603999998784,-2.397346779999998,4,7
600519,0.4,0.08,0.22331603999998784,-1.5675957799999973,4,7
600519,0.4,0.1,0.22331603999998784,-1.5675957799999973,4,7
600519,0.5,0.0,-2.0862194800000067,-2.0083219999999957,1,2
600519,0.5,0.03,-0.41791643999999906,-0.638633030000002,2,2
600519,0.5,0.05,-0.7343214900000006,-0.7576973000000042,2,2
600519,0.5,0.08,-1.3842264600000043,-1.256547600000002,2,2
600519,0.5,0.1,-1.5340814899999944,-1.4246971400000086,2,2
000858,0.1,0.0,-0.26848345000000107,-0.16532275000000762,67,37
000858,0.1,0.03,0.011644550000000642,-0.19740523000000287,74,41
000858,0.1,0.05,-0.06668760000000384,-0.17460618000000316,73,41
000858,0.1,0.08,-0.09761548000000175,-0.17460618000000316,71,41
000858,0.1,0.1,-0.052095669999996375,-0.17216656999999858,69,39
000858,0.2,0.0,-0.17701219999999296,-0.13114457999999773,32,15
000858,0.2,0.03,-0.14399033999999977,-0.1579208499999929,42,19
000858,0.2,0.05,-0.18774840000000959,-0.13114457999999773,42,15
000858,0.2,0.08,-0.21482179999999795,-0.13114457999999773,38,15
000858,0.2,0.1,-0.13251302999999215,-0.13114457999999773,36,15
000858,0.3,0.0,0.2122957399999903,-0.16742248000000126,12,13
000858,0.3,0.03,0.0066772200000064785,-0.16308763999999254,16,16
000858,0.3,0.05,0.02643413000000816,-0.16742248000000126,14,13
000858,0.3,0.08,-0.00865533999999668,-0.1488280600000058,14,13
000858,0.3,0.1,-0.035047420000000606,-0.1488280600000058,14,13
000858,0.4,0.0,0.03710977999999976,-0.11516279000000074,4,4
000858,0.4,0.03,0.0320113099999908,-0.08636997999998952,4,8
000858,0.4,0.05,0.03710977999999976,-0.04921474999999287,4,6
000858,0.4,0.08,0.03710977999999976,-0.08810307999999045,4,6
000858,0.4,0.1,0.03710977999999976,-0.11199590999999565,4,6
000858,0.5,0.0,-0.08747362000000036,-0.4316688899999921,1,2
000858,0.5,0.03,-0.05643059000000061,-0.04448508000000073,2,2
000858,0.5,0.05,-0.05643059000000061,-0.05998042999999509,2,2
000858,0.5,0.08,-0.10001750999999448,-0.10726624000000351,2,2
000858,0.5,0.1,-0.12001151000000654,-0.13085916000000752,2,2
AAPL,0.1,0.0,0.039747630000008805,0.89929203500001,51,48
AAPL,0.1,0.03,-0.014374915000003874,0.7542514600000105,58,52
AAPL,0.1,0.05,0.06444071000000218,0.7713787050000143,57,50
AAPL,0.1,0.08,0.11322557999999816,0.7713787050000143,51,50
AAPL,0.1,0.1,-0.0004403100000049953,0.7713787050000143,51,50
AAPL,0.2,0.0,-0.19015180000000464,0.5682637030000048,25,17
AAPL,0.2,0.03,-0.4660565440000042,0.45704707800000577,32,17
AAPL,0.2,0.05,-0.5371129900000104,0.5582667030000099,31,17
AAPL,0.2,0.08,-0.1613115100000062,0.5682637030000048,28,17
AAPL,0.2,0.1,-0.11667384999999308,0.5682637030000048,25,17
AAPL,0.3,0.0,-0.21775274999999983,0.08454656000000949,11,9
AAPL,0.3,0.03,-0.2355334799999942,-0.44739381000000744,15,9
AAPL,0.3,0.05,-0.46140907999999703,-0.11144462500000119,15,9
AAPL,0.3,0.08,-0.4171217500000046,0.08454656000000949,13,9
AAPL,0.3,0.1,-0.4808744099999984,0.08454656000000949,13,9
AAPL,0.4,0.0,-0.002256074999995583,-0.23316143999999595,7,2
AAPL,0.4,0.03,0.03890065000000664,-0.09320344000000036,9,2
AAPL,0.4,0.05,0.06347614499999654,-0.1430884700000079,11,2
AAPL,0.4,0.08,-0.09247781500000274,-0.2381599399999934,9,2
AAPL,0.4,0.1,-0.18618180499999637,-0.23316143999999595,9,2
AAPL,0.5,0.0,0.642954565000009,0.3939845699999944,4,1
AAPL,0.5,0.03,0.642954565000009,-0.09320344000000036,4,2
AAPL,0.5,0.05,0.6138632949999945,-0.1430884700000079,4,2
AAPL,0.5,0.08,0.5179920650000058,-0.2381599399999934,4,2
AAPL,0.5,0.1,0.5179920650000058,0.3939845699999944,4,1
MSFT,0.1,0.0,0.7661080999999959,0.27999089499999297,65,41
MSFT,0.1,0.03,0.9326730149999962,0.26126489500000183,79,49
MSFT,0.1,0.05,0.9586157900000059,0.44348973999999153,69,44
MSFT,0.1,0.08,0.9988459000000116,0.2951660549999957,67,41
MSFT,0.1,0.1,0.6607261649999918,0.2461807550000028,67,41
MSFT,0.2,0.0,0.8294582700000053,0.5023455849999969,33,19
MSFT,0.2,0.03,0.1540986950000045,0.8857449349999991,42,23
MSFT,0.2,0.05,-0.025760534999996754,0.8453004049999935,36,21
MSFT,0.2,0.08,0.24465831500000146,0.49744705499998876,36,19
MSFT,0.2,0.1,0.10555005999999256,0.49744705499998876,36,19
MSFT,0.3,0.0,0.3878029000000005,0.755008079999997,14,7
MSFT,0.3,0.03,0.4744768899999974,0.7297848349999914,14,17
MSFT,0.3,0.05,0.4209429549999921,0.6050650449999972,14,15
MSFT,0.3,0.08,0.3878029000000005,0.23071993499999,14,13
MSFT,0.3,0.1,0.3878029000000005,0.2295125600000114,14,11
MSFT,0.4,0.0,1.2410829000000012,1.2846993199999934,1,2
MSFT,0.4,0.03,0.8368007000000066,0.8787961099999908,3,6
MSFT,0.4,0.05,0.7416292600000096,0.686896250000002,3,4
MSFT,0.4,0.08,0.610668560000005,0.3180069499999938,3,4
MSFT,0.4,0.1,0.455215210000004,0.3180069499999938,3,4
MSFT,0.5,0.0,0.726628610000013,0.0,1,0
MSFT,0.5,0.03,0.726628610000013,0.0,1,0
MSFT,0.5,0.05,0.726628610000013,0.0,1,0
MSFT,0.5,0.08,0.726628610000013,0.0,1,0
MSFT,0.5,0.1,0.726628610000013,0.0,1,0
